{
    "fileName": "PathplannerLib.json",
    "name": "PathplannerLib",
    "version": "2023.4.4",
    "uuid": "1b42324f-17c6-4875-8e77-1c312bc8c786",
    "mavenUrls": [
        "https://3015rangerrobotics.github.io/pathplannerlib/repo"
    ],
    "jsonUrl": "https://3015rangerrobotics.github.io/pathplannerlib/PathplannerLib.json",
    "javaDependencies": [
        {
            "groupId": "com.pathplanner.lib",
            "artifactId": "PathplannerLib-java",
            "version": "2023.4.4"
        }
    ],
    "jniDependencies": [],
    "cppDependencies": [
        {
            "groupId": "com.pathplanner.lib",
            "artifactId": "PathplannerLib-cpp",
            "version": "2023.4.4",
            "libName": "PathplannerLib",
            "headerClassifier": "headers",
            "sharedLibrary": false,
            "skipInvalidPlatforms": true,
            "binaryPlatforms": [
                "windowsx86-64",
                "linuxx86-64",
                "osxuniversal",
                "linuxathena"
            ]
        }
    ]
}